0,3.23
1,3.23
2,3.18
3,3.29
4,3.3
5,3.26
6,3.33
7,3.37
8,3.42
9,3.38
10,3.52
11,3.6
12,3.92
13,4.06
14,4.28
15,4.49
16,4.75
17,4.88
18,5.02
19,4.96
20,4.99
21,4.91
22,4.88
23,4.86
24,4.81
25,4.82
26,4.67
27,4.75
28,4.75
29,4.73
30,4.62
31,4.62
32,4.6
33,4.58
34,4.59
35,4.54
36,4.45
37,4.46
38,4.41
39,4.55
40,4.55
41,4.51
42,4.5
43,4.46
44,4.48
45,4.33
46,4.36
47,4.38
48,4.45
49,4.46
50,4.34
51,4.33
52,4.31
53,4.44
54,4.38
55,4.31
56,4.35
57,4.43
58,4.49
59,4.43
60,4.6
61,4.51
62,4.6
63,4.53
64,4.36
65,4.48
66,4.57
67,4.44
68,4.42
69,4.47
70,4.32
71,4.22
72,4.21
73,4.23
74,4.03
75,3.95
76,4.06
77,4.08
78,4.05
79,4.05
80,3.9
81,3.82
82,3.8
83,3.83
84,3.82
85,3.95
86,4.06
87,4.18
88,4.11
89,4.08
90,4.06
91,4.03
92,3.98
93,3.9
94,3.84
95,3.77
96,3.75
97,3.83
98,3.9
99,3.78
100,3.81
101,3.92
102,3.86
103,3.88
104,3.92
105,3.85
106,4
107,4.04
108,4.11
109,4.12
110,4.04
111,4.02
112,4.03
113,3.93
114,3.81
115,3.71
116,3.58
117,3.54
118,3.44
119,3.3
120,3.27
121,3.26
122,3.18
123,3.1
124,3.27
125,3.14
126,3.16
127,3.37
128,3.71
129,3.9
130,3.67
131,3.81
132,4.2
133,4.41
134,4.7
135,4.86
136,4.82
137,4.8
138,4.89
139,4.87
140,4.98
141,4.81
142,4.75
143,4.78
144,4.82
145,4.74
146,4.77
147,4.82
148,4.71
149,4.75
150,4.75
151,4.66
152,4.64
153,4.62
154,4.66
155,4.51
156,4.78
157,4.74
158,4.69
159,4.66
160,4.69
161,4.65
162,4.66
163,4.7
164,4.68
165,4.68
166,4.48
167,4.41
168,4.48
169,4.5
170,4.5
171,4.53
172,4.46
173,4.38
174,4.28
175,4.32
176,4.39
177,4.46
178,4.44
179,4.48
180,4.39
181,4.46
182,4.48
183,4.37
184,4.4
185,4.59
186,4.47
187,4.4
188,4.46
189,4.39
190,4.28
191,4.13
192,3.76
193,3.92
194,3.84
195,3.91
196,3.82
197,3.74
198,3.82
199,3.57
200,3.53
201,3.53
202,3.63
203,3.61
204,3.78
205,3.82
206,3.77
207,3.78
208,3.71
209,3.64
210,3.57
211,3.6
212,3.61
213,3.65
214,3.56
215,3.54
216,3.53
217,3.48
218,3.72
219,3.94
220,3.98
221,4.23
222,4.38
223,4.44
224,4.39
225,4.28
226,4.29
227,4.19
228,4.19
229,4.02
230,4.3
231,4.22
232,4.17
233,3.97
234,3.84
235,3.71
236,3.66
237,3.47
238,3.51
239,3.44
240,3.44
241,3.54
242,3.68
243,3.78
244,4.05
245,4.17
246,4.38
247,4.31
248,4.38
249,4.36
250,4.5
251,4.58
252,4.63
253,4.52
254,4.57
255,4.37
256,4.43
257,4.55
258,4.51
259,4.52
260,4.46
261,4.52
262,4.45
263,4.46
264,4.42
265,4.44
266,4.5
267,4.5
268,4.33
269,4.52
270,4.51
271,4.5
272,4.44
273,4.44
274,4.38
275,4.38
276,4.3
277,4.44
278,4.31
279,4.23
280,4.14
281,4.21
282,3.98
283,3.87
284,3.86
285,3.84
286,3.82
287,3.89
288,4.02
289,4.06
290,4.1
291,4.11
292,4.27
293,4.22
294,4.33
295,4.31
296,4.23
297,4.3
298,4.17
299,4.23
300,4.02
301,4.06
302,4.06
303,4
304,4.07
305,4.07
306,4.05
307,4
308,3.85
309,3.86
310,3.8
311,3.7
312,3.79
313,3.69
314,3.77
315,3.62
316,3.69
317,3.89
318,3.76
319,3.58
320,3.66
321,3.53
322,3.53
323,3.47
324,3.21
325,3.31
326,3.23
327,3.22
328,3.23
329,3.19
330,3.3
331,3.29
332,3.39
333,3.38
334,3.51
335,3.75
336,4.08
337,4.23
338,4.17
339,4.42
340,4.6
341,4.84
342,4.83
343,4.8
344,4.76
345,4.79
346,4.68
347,4.53
348,4.49
349,4.62
350,4.67
351,4.64
352,4.47
353,4.47
354,4.4
355,4.59
356,4.46
357,4.55
358,4.58
359,4.49
360,4.54
361,4.5
362,4.5
363,4.53
364,4.36
365,4.46
366,4.32
367,4.37
368,4.4
369,4.38
370,4.36
371,4.27
372,4.42
373,4.29
374,4.34
375,4.2
376,4.21
377,4.2
378,4.19
379,4.17
380,4.19
381,4.15
382,4.05
383,4.12
384,4.08
385,4.14
386,4.02
387,3.99
388,3.92
389,3.89
390,3.96
391,4
392,3.97
393,3.86
394,3.92
395,3.76
396,3.72
397,3.47
398,3.54
399,3.48
400,3.32
401,3.2
402,3.17
403,3.15
404,3.2
405,3.11
406,3.19
407,3.21
408,3.17
409,3.22
410,3.15
411,3.29
412,3.31
413,3.38
414,3.41
415,3.41
416,3.51
417,3.57
418,3.75
419,3.81
420,3.77
421,3.85
422,3.94
423,4.02
424,3.92
425,4.3
426,4.5
427,4.3
428,4.72
429,4.91
430,4.98
431,5.05
432,5.05
433,5.08
434,5.08
435,5.02
436,5.07
437,4.9
438,4.79
439,4.87
440,4.76
441,4.95
442,4.96
443,4.91
444,4.82
445,4.91
446,4.82
447,4.51
448,4.77
449,4.73
450,4.75
451,4.58
452,4.73
453,4.56
454,4.6
455,4.41
456,4.62
457,4.63
458,4.55
459,4.63
460,4.56
461,4.59
462,4.61
463,4.61
464,4.44
465,4.57
466,4.46
467,4.44
468,4.38
469,4.51
470,4.33
471,4.25
472,4.32
473,4.36
474,4.39
475,4.35
476,4.3
477,4.27
478,4.22
479,4.12
480,4.12
481,4.17
482,4.01
483,3.97
484,3.79
485,3.81
486,3.76
487,3.72
488,3.67
489,3.6
490,3.54
491,3.47
492,3.63
493,3.72
494,3.83
495,3.83
496,3.83
497,3.68
498,3.82
499,3.75
500,3.84
501,3.78
502,3.75
503,3.81
504,3.91
505,3.86
506,4.01
507,3.93
508,4.16
509,4.06
510,4.14
511,4.06
512,4.22
513,4.25
514,4.1
515,4.1
516,4.01
517,3.96
518,4.07
519,3.96
520,3.95
521,3.91
522,3.88
523,3.93
524,3.83
525,3.92
526,3.97
527,3.96
528,3.92
529,3.99
530,3.97
531,3.92
532,4.01
533,4.11
534,4.27
535,4.29
536,4.55
537,4.43
538,4.54
539,4.48
540,4.53
541,4.5
542,4.45
543,4.45
544,4.46
545,4.43
546,4.51
547,4.53
548,4.55
549,4.53
550,4.5
551,4.45
552,4.52
553,4.46
554,4.29
555,4.25
556,4.39
557,4.35
558,4.25
559,4.17
560,4.14
561,4.21
562,4.14
563,4.17
564,4.01
565,3.96
566,3.86
567,3.94
568,4
569,3.97
570,3.91
571,3.89
572,3.59
573,3.65
574,3.73
575,3.39
576,3.46
577,3.48
578,3.5
579,3.57
580,3.69
581,4
582,4.13
583,4.29
584,4.31
585,4.33
586,4.18
587,4.11
588,4.19
589,4.07
590,4.09
591,4.07
592,4.02
593,3.99
594,3.9
595,3.88
596,3.89
597,3.8
598,3.99
599,4.02
600,4.07
601,4.02
602,3.97
603,3.87
604,3.77
605,3.785
606,3.8
607,3.8
608,3.8
609,3.645
610,3.49
611,3.505
612,3.52
613,3.525
614,3.53
615,3.595
616,3.66
617,3.735
618,3.81
619,3.95
620,4.09
621,4.2
622,4.31
623,4.47
624,4.63
625,4.765
626,4.9
627,4.955
628,5.01
629,5.045
630,5.08
631,5.065
632,5.05
633,4.99
634,4.93
635,4.965
636,5
637,4.9
638,4.8
639,4.905
640,5.01
641,4.88
642,4.75
643,4.715
644,4.68
645,4.7
646,4.72
647,4.735
648,4.75
649,4.73
650,4.71
651,4.75
652,4.79
653,4.78
654,4.77
655,4.67
656,4.57
657,4.575
658,4.58
659,4.61
660,4.64
661,4.72
662,4.8
663,4.69
664,4.58
665,4.54
666,4.5
667,4.575
668,4.65
669,4.535
670,4.42
671,4.47
672,4.52
673,4.49
674,4.46
675,4.43
676,4.4
677,4.33
678,4.26
679,4.2
680,4.14
681,4.145
682,4.15
683,4.09
684,4.03
685,4.08
686,4.13
687,4.04
688,3.95
689,3.825
690,3.7
691,3.705
692,3.71
693,3.675
694,3.64
695,3.57
696,3.5
697,3.535
698,3.57
699,3.61
700,3.65
701,3.705
702,3.76
703,3.8
704,3.84
705,3.885
706,3.93
707,3.98
708,4.03
709,4.005
710,3.98
711,4.02
712,4.06
713,4.175
714,4.29
715,4.45
716,4.61
717,4.68
718,4.75
719,4.705
720,4.66
721,4.655
722,4.65
723,4.545
724,4.44
725,4.38
726,4.32
727,4.24
728,4.16
729,4.16
730,4.16
731,4.09
732,4.02
733,4.085
734,4.15
735,4.17
736,4.19
737,4.2
738,4.21
739,4.16
740,4.11
741,4.14
742,4.17
743,4.325
744,4.48
745,4.575
746,4.67
747,4.63
748,4.59
749,4.595
750,4.6
751,4.54
752,4.48
753,4.515
754,4.55
755,4.57
756,4.59
757,4.425
758,4.26
759,4.295
760,4.33
761,4.22
762,4.11
763,4.195
764,4.28
765,4.195
766,4.11
767,4.09
768,4.07
769,4.03
770,3.99
771,3.93
772,3.87
773,3.815
774,3.76
775,3.7
776,3.64
777,3.6
778,3.56
779,3.52
780,3.48
781,3.51
782,3.54
783,3.545
784,3.55
785,3.615
786,3.68
787,3.69
788,3.7
789,3.93
790,4.16
791,4.215
792,4.27
793,4.505
794,4.74
795,4.705
796,4.67
797,4.675
798,4.68
799,4.68
800,4.68
801,4.705
802,4.73
803,4.64
804,4.55
805,4.54
806,4.53
807,4.51
808,4.49
809,4.4
810,4.31
811,4.345
812,4.38
813,4.25
814,4.12
815,4.1
816,4.08
817,3.99
818,3.9
819,3.93
820,3.96
821,3.93
822,3.9
823,3.91
824,3.92
825,4.015
826,4.11
827,4.03
828,3.95
829,3.995
830,4.04
831,4.055
832,4.07
833,4.01
834,3.95
835,3.885
836,3.82
837,3.905
838,3.99
839,4.005
840,4.02
841,3.915
842,3.81
843,3.74
844,3.67
845,3.625
846,3.58
847,3.605
848,3.63
849,3.565
850,3.5
851,3.575
852,3.65
853,3.64
854,3.63
855,3.545
856,3.46
857,3.44
858,3.42
859,3.435
860,3.45
861,3.565
862,3.68
863,3.63
864,3.58
865,3.82
866,4.06
867,4.19
868,4.32
869,4.415
870,4.51
871,4.59
872,4.67
873,4.675
874,4.68
875,4.685
876,4.69
877,4.64
878,4.59
879,4.635
880,4.68
881,4.55
882,4.42
883,4.445
884,4.47
885,4.47
886,4.47
887,4.46
888,4.45
889,4.42
890,4.39
891,4.355
892,4.32
893,4.365
894,4.41
895,4.405
896,4.4
897,4.365
898,4.33
899,4.31
900,4.29
901,4.23
902,4.17
903,4.155
904,4.14
905,4.13
906,4.12
907,4.055
908,3.99
909,3.99
910,3.99
911,4.04
912,4.09
913,4.06
914,4.03
915,4.045
916,4.06
917,4.215
918,4.37
919,4.44
920,4.51
921,4.53
922,4.55
923,4.49
924,4.43
925,4.405
926,4.38
927,4.32
928,4.26
929,4.18
930,4.1
931,4.085
932,4.07
933,4.025
934,3.98
935,4
936,4.02
937,3.94
938,3.86
939,3.875
940,3.89
941,3.79
942,3.69
943,3.63
944,3.57
945,3.6
946,3.63
947,3.555
948,3.48
949,3.46
950,3.44
951,3.37
952,3.3
953,3.345
954,3.39
955,3.36
956,3.33
957,3.53
958,3.73
959,3.945
960,4.16
961,4.29
962,4.42
963,4.5
964,4.58
965,4.44
966,4.3
967,4.255
968,4.21
969,4.15
970,4.09
971,4.035
972,3.98
973,3.925
974,3.87
975,3.82
976,3.77
977,3.745
978,3.72
979,3.74
980,3.76
981,3.875
982,3.99
983,4.07
984,4.15
985,4.195
986,4.24
987,4.225
988,4.21
989,4.16
990,4.11
991,4.085
992,4.06
993,4
994,3.94
995,3.89
996,3.84
997,3.84
998,3.84
999,3.89
1000,3.94
1001,4.045
1002,4.15
1003,4.215
1004,4.28
1005,4.25
1006,4.22
1007,4.22
1008,4.22
1009,4.17
1010,4.12
1011,4.125
1012,4.13
1013,4.06
1014,3.99
1015,3.86
1016,3.73
1017,3.755
1018,3.78
1019,3.805
1020,3.83
1021,3.7
1022,3.57
1023,3.605
1024,3.64
1025,3.755
1026,3.87
1027,3.855
1028,3.84
1029,3.895
1030,3.95
1031,4.015
1032,4.08
1033,4.22
1034,4.36
1035,4.345
1036,4.33
1037,4.435
1038,4.54
1039,4.435
1040,4.33
1041,4.28
1042,4.23
1043,4.305
1044,4.38
1045,4.3
1046,4.22
1047,4.255
1048,4.29
1049,4.235
1050,4.18
1051,4.225
1052,4.27
1053,4.26
1054,4.25
1055,4.185
1056,4.12
1057,4.175
1058,4.23
1059,4.155
1060,4.08
1061,4.01
1062,3.94
1063,3.8
1064,3.66
1065,3.57
1066,3.48
1067,3.405
1068,3.33
1069,3.335
1070,3.34
1071,3.275
1072,3.21
1073,3.315
1074,3.42
1075,3.45
1076,3.48
1077,3.51
1078,3.54
1079,3.575
1080,3.61
1081,3.71
1082,3.81
1083,3.755
1084,3.7
1085,3.795
1086,3.89
1087,3.9
1088,3.91
1089,3.93
1090,3.95
1091,3.98
1092,4.01
1093,4.005
1094,4
1095,4.015
1096,4.03
1097,4.16
1098,4.29
1099,4.185
1100,4.08
1101,4.055
1102,4.03
1103,3.98
1104,3.93
1105,3.88
1106,3.83
1107,3.75
1108,3.67
1109,3.76
1110,3.85
1111,3.845
1112,3.84
1113,3.98
1114,4.12
1115,4.13
1116,4.14
1117,4.17
1118,4.2
1119,4.145
1120,4.09
1121,4.28
1122,4.47
1123,4.405
1124,4.34
1125,4.42
1126,4.5
1127,4.44
1128,4.38
1129,4.35
1130,4.32
1131,4.185
1132,4.05
1133,4.135
1134,4.22
1135,4.23
1136,4.24
1137,4.13
1138,4.02
1139,4.02
1140,4.02
1141,3.995
1142,3.97
1143,3.98
1144,3.99
1145,3.925
1146,3.86
1147,3.94
1148,4.02
1149,3.92
1150,3.82
1151,3.785
1152,3.75
1153,3.755
1154,3.76
1155,3.775
1156,3.79
1157,3.735
1158,3.68
1159,3.64
1160,3.6
1161,3.6
1162,3.6
1163,3.63
1164,3.66
1165,3.595
1166,3.53
1167,3.545
1168,3.56
1169,3.58
1170,3.6
1171,3.665
1172,3.73
1173,3.745
1174,3.76
1175,3.75
1176,3.74
1177,3.77
1178,3.8
1179,3.7
1180,3.6
1181,3.72
1182,3.84
1183,3.745
1184,3.65
1185,3.71
1186,3.77
1187,3.72
1188,3.67
1189,3.86
1190,4.05
1191,4.095
1192,4.14
1193,4.205
1194,4.27
1195,4.275
1196,4.28
1197,4.355
1198,4.43
1199,4.425
1200,4.42
1201,4.31
1202,4.2
1203,4.27
1204,4.34
1205,4.25
1206,4.16
1207,4.24
1208,4.32
1209,4.26
1210,4.2
1211,4.14
1212,4.08
1213,4.09
1214,4.1
1215,3.96
1216,3.82
1217,3.775
1218,3.73
1219,3.85
1220,3.97
1221,3.955
1222,3.94
1223,3.84
1224,3.74
1225,3.685
1226,3.63
1227,3.59
1228,3.55
1229,3.485
1230,3.42
1231,3.415
1232,3.41
1233,3.375
1234,3.34
1235,3.36
1236,3.38
1237,3.365
1238,3.35
1239,3.34
1240,3.33
1241,3.4
1242,3.47
1243,3.66
1244,3.85
1245,3.975
1246,4.1
1247,4.23
1248,4.36
1249,4.335
1250,4.31
1251,4.28
1252,4.25
1253,4.26
1254,4.27
1255,4.19
1256,4.11
1257,4.005
1258,3.9
1259,3.885
1260,3.87
1261,3.97
1262,4.07
1263,4.015
1264,3.96
1265,3.935
1266,3.91
1267,3.91
1268,3.91
1269,3.875
1270,3.84
1271,3.825
1272,3.81
1273,3.825
1274,3.84
1275,3.775
1276,3.71
1277,3.69
1278,3.67
1279,3.615
1280,3.56
1281,3.605
1282,3.65
1283,3.745
1284,3.84
1285,3.905
1286,3.97
1287,4.115
1288,4.26
1289,4.305
1290,4.35
1291,4.245
1292,4.14
1293,4.04
1294,3.94
1295,4.07
1296,4.2
1297,4.175
1298,4.15
1299,4.11
1300,4.07
1301,4.065
1302,4.06
1303,4.015
1304,3.97
1305,3.935
1306,3.9
1307,3.85
1308,3.8
1309,3.725
1310,3.65
1311,3.67
1312,3.69
1313,3.7
1314,3.71
1315,3.65
1316,3.59
1317,3.66
1318,3.73
1319,3.84
1320,3.95
1321,3.945
1322,3.94
1323,3.965
1324,3.99
1325,3.995
1326,4
1327,4.045
1328,4.09
1329,4.075
1330,4.06
1331,4.04
1332,4.02
1333,4.105
1334,4.19
1335,4.19
1336,4.19
1337,4.145
1338,4.1
1339,4.145
1340,4.19
1341,4.13
1342,4.07
1343,3.975
1344,3.88
1345,3.87
1346,3.86
1347,3.765
1348,3.67
1349,3.63
1350,3.59
1351,3.54
1352,3.49
1353,3.45
1354,3.41
1355,3.455
1356,3.5
1357,3.525
1358,3.55
1359,3.59
1360,3.63
1361,3.715
1362,3.8
1363,3.89
1364,3.98
1365,3.985
1366,3.99
1367,4.095
1368,4.2
1369,4.12
1370,4.04
1371,4.15
1372,4.26
1373,4.235
1374,4.21
1375,4.145
1376,4.08
1377,4.14
1378,4.2
1379,4.125
1380,4.05
1381,4.005
1382,3.96
1383,3.89
1384,3.82
1385,3.77
1386,3.72
1387,3.665
1388,3.61
1389,3.67
1390,3.73
1391,3.66
1392,3.59
1393,3.645
1394,3.7
1395,3.62
1396,3.54
1397,3.515
1398,3.49
1399,3.525
1400,3.56
1401,3.595
1402,3.63
1403,3.685
1404,3.74
1405,3.855
1406,3.97
1407,3.97
1408,3.97
1409,4.085
1410,4.2
1411,4.3
1412,4.4
1413,4.31
1414,4.22
1415,4.09
1416,3.96
1417,3.9
1418,3.84
1419,3.9
1420,3.96
1421,3.895
1422,3.83
1423,3.775
1424,3.72
1425,3.72
1426,3.72
1427,3.665
1428,3.61
1429,3.565
1430,3.52
1431,3.45
1432,3.38
1433,3.38
1434,3.38
1435,3.31
1436,3.24
1437,3.24
1438,3.24
1439,3.26
1440,3.28
1441,3.31
1442,3.34
1443,3.335
1444,3.33
1445,3.345
1446,3.36
1447,3.355
1448,3.35
1449,3.42
1450,3.49
1451,3.645
1452,3.8
1453,4
1454,4.2
1455,4.255
1456,4.31
1457,4.275
1458,4.24
1459,4.17
1460,4.1
1461,4.085
1462,4.07
1463,4.145
1464,4.22
1465,4.105
1466,3.99
1467,3.93
1468,3.87
1469,3.745
1470,3.62
1471,3.535
1472,3.45
1473,3.415
1474,3.38
1475,3.345
1476,3.31
1477,3.365
1478,3.42
1479,3.405
1480,3.39
1481,3.415
1482,3.44
1483,3.505
1484,3.57
1485,3.495
1486,3.42
1487,3.42
1488,3.42
1489,3.465
1490,3.51
1491,3.64
1492,3.77
1493,3.91
1494,4.05
1495,4.205
1496,4.36
1497,4.3
1498,4.24
1499,4.225
1500,4.21
1501,4.242
1502,4.274
1503,4.264
1504,4.212
1505,4.16
1506,4.156
1507,4.152
1508,4.124
1509,4.072
1510,4.02
1511,3.908
1512,3.796
1513,3.73
1514,3.71
1515,3.69
1516,3.73
1517,3.77
1518,3.76
1519,3.7
1520,3.64
1521,3.652
1522,3.664
1523,3.676
1524,3.688
1525,3.7
1526,3.776
1527,3.852
1528,3.904
1529,3.932
1530,3.96
1531,4.056
1532,4.152
1533,4.242
1534,4.326
1535,4.41
1536,4.386
1537,4.362
1538,4.356
1539,4.368
1540,4.38
1541,4.348
1542,4.316
1543,4.254
1544,4.162
1545,4.07
1546,4.03
1547,3.99
1548,3.94
1549,3.88
1550,3.82
1551,3.764
1552,3.708
1553,3.688
1554,3.704
1555,3.72
1556,3.748
1557,3.776
1558,3.784
1559,3.772
1560,3.76
1561,3.688
1562,3.616
1563,3.576
1564,3.568
1565,3.56
1566,3.628
1567,3.696
1568,3.754
1569,3.802
1570,3.85
1571,3.978
1572,4.106
1573,4.184
1574,4.212
1575,4.24
1576,4.216
1577,4.192
1578,4.142
1579,4.066
1580,3.99
1581,3.99
1582,3.99
1583,3.952
1584,3.876
1585,3.8
1586,3.744
1587,3.688
1588,3.672
1589,3.696
1590,3.72
1591,3.776
1592,3.832
1593,3.83
1594,3.77
1595,3.71
1596,3.67
1597,3.63
1598,3.594
1599,3.562
1600,3.53
1601,3.466
1602,3.402
1603,3.406
1604,3.478
1605,3.55
1606,3.594
1607,3.638
1608,3.66
1609,3.66
1610,3.66
1611,3.748
1612,3.836
1613,3.872
1614,3.856
1615,3.84
1616,3.864
1617,3.888
1618,3.85
1619,3.75
1620,3.65
1621,3.662
1622,3.674
1623,3.696
1624,3.728
1625,3.76
1626,3.86
1627,3.96
1628,3.918
1629,3.734
1630,3.55
1631,3.558
1632,3.566
1633,3.568
1634,3.564
1635,3.56
1636,3.576
1637,3.592
1638,3.616
1639,3.648
1640,3.68
1641,3.76
1642,3.84
1643,3.914
1644,3.982
1645,4.05
1646,4.098
1647,4.146
1648,4.172
1649,4.176
1650,4.18
1651,4.208
1652,4.236
1653,4.256
1654,4.268
1655,4.28
1656,4.212
1657,4.144
1658,4.114
1659,4.122
1660,4.13
1661,4.11
1662,4.09
1663,4.09
1664,4.11
1665,4.13
1666,4.042
1667,3.954
1668,3.904
1669,3.892
1670,3.88
1671,3.872
1672,3.864
1673,3.798
1674,3.674
1675,3.55
1676,3.618
1677,3.686
1678,3.706
1679,3.678
1680,3.65
1681,3.618
1682,3.586
1683,3.574
1684,3.582
1685,3.59
1686,3.65
1687,3.71
1688,3.736
1689,3.728
1690,3.72
1691,3.732
1692,3.744
1693,3.764
1694,3.792
1695,3.82
1696,3.8
1697,3.78
1698,3.834
1699,3.962
1700,4.09
1701,4.114
1702,4.138
1703,4.144
1704,4.132
1705,4.12
1706,4.14
1707,4.16
1708,4.122
1709,4.026
1710,3.93
1711,3.902
1712,3.874
1713,3.854
1714,3.842
1715,3.83
1716,3.726
1717,3.622
1718,3.56
1719,3.54
1720,3.52
1721,3.6
1722,3.68
1723,3.734
1724,3.762
1725,3.79
1726,3.794
1727,3.798
1728,3.788
1729,3.764
1730,3.74
1731,3.788
1732,3.836
1733,3.808
1734,3.704
1735,3.6
1736,3.6
1737,3.6
1738,3.622
1739,3.666
1740,3.71
1741,3.702
1742,3.694
1743,3.778
1744,3.954
1745,4.13
1746,4.162
1747,4.194
1748,4.2
1749,4.18
1750,4.16
1751,4.036
1752,3.912
1753,3.828
1754,3.784
1755,3.74
1756,3.776
1757,3.812
1758,3.77
1759,3.65
1760,3.53
1761,3.57
1762,3.61
1763,3.602
1764,3.546
1765,3.49
1766,3.502
1767,3.514
1768,3.512
1769,3.496
1770,3.48
1771,3.44
1772,3.4
1773,3.41
1774,3.47
1775,3.53
1776,3.546
1777,3.562
1778,3.586
1779,3.618
1780,3.65
1781,3.71
1782,3.77
1783,3.794
1784,3.782
1785,3.77
1786,3.802
1787,3.834
1788,3.878
1789,3.934
1790,3.99
1791,4.018
1792,4.046
1793,4.066
1794,4.078
1795,4.09
1796,4.01
1797,3.93
1798,3.902
1799,3.926
1800,3.95
1801,3.89
1802,3.83
1803,3.776
1804,3.728
1805,3.68
1806,3.672
1807,3.664
1808,3.632
1809,3.576
1810,3.52
1811,3.584
1812,3.648
1813,3.666
1814,3.638
1815,3.61
1816,3.758
1817,3.906
1818,3.948
1819,3.884
1820,3.82
1821,3.784
1822,3.748
1823,3.728
1824,3.724
1825,3.72
1826,3.692
1827,3.664
1828,3.604
1829,3.512
1830,3.42
1831,3.504
1832,3.588
1833,3.64
1834,3.66
1835,3.68
1836,3.636
1837,3.592
1838,3.57
1839,3.57
1840,3.57
1841,3.57
1842,3.57
1843,3.578
1844,3.594
1845,3.61
1846,3.686
1847,3.762
1848,3.764
1849,3.692
1850,3.62
1851,3.616
1852,3.612
1853,3.6
1854,3.58
1855,3.56
1856,3.592
1857,3.624
1858,3.69
1859,3.79
1860,3.89
1861,4.01
1862,4.13
1863,4.184
1864,4.172
1865,4.16
1866,4.084
1867,4.008
1868,3.966
1869,3.958
1870,3.95
1871,3.902
1872,3.854
1873,3.832
1874,3.836
1875,3.84
1876,3.796
1877,3.752
1878,3.738
1879,3.754
1880,3.77
1881,3.738
1882,3.706
1883,3.702
1884,3.726
1885,3.75
1886,3.686
1887,3.622
1888,3.608
1889,3.644
1890,3.68
1891,3.652
1892,3.624
1893,3.636
1894,3.688
1895,3.74
1896,3.72
1897,3.7
1898,3.756
1899,3.888
1900,4.02
1901,3.984
1902,3.948
1903,3.946
1904,3.978
1905,4.01
1906,3.938
1907,3.866
1908,3.826
1909,3.818
1910,3.81
1911,3.81
1912,3.81
1913,3.788
1914,3.744
1915,3.7
1916,3.676
1917,3.652
1918,3.652
1919,3.676
1920,3.7
1921,3.68
1922,3.66
1923,3.62
1924,3.56
1925,3.5
1926,3.492
1927,3.484
1928,3.486
1929,3.498
1930,3.51
1931,3.486
1932,3.462
1933,3.464
1934,3.492
1935,3.52
1936,3.544
1937,3.568
1938,3.566
1939,3.538
1940,3.51
1941,3.714
1942,3.918
1943,4.022
1944,4.026
1945,4.03
1946,4.086
1947,4.142
1948,4.156
1949,4.128
1950,4.1
1951,4.068
1952,4.036
1953,3.994
1954,3.942
1955,3.89
1956,3.842
1957,3.794
1958,3.788
1959,3.824
1960,3.86
1961,3.876
1962,3.892
1963,3.868
1964,3.804
1965,3.74
1966,3.688
1967,3.636
1968,3.638
1969,3.694
1970,3.75
1971,3.65
1972,3.55
1973,3.51
1974,3.53
1975,3.55
1976,3.51
1977,3.47
1978,3.426
1979,3.378
1980,3.33
1981,3.35
1982,3.37
1983,3.376
1984,3.368
1985,3.36
1986,3.424
1987,3.488
1988,3.546
1989,3.598
1990,3.65
1991,3.662
1992,3.674
1993,3.66
1994,3.62
1995,3.58
1996,3.624
1997,3.668
1998,3.722
1999,3.786
2000,3.85
2001,3.834
2002,3.818
2003,3.832
2004,3.876
2005,3.92
2006,3.908
2007,3.896
2008,3.822
2009,3.686
2010,3.55
2011,3.582
2012,3.614
2013,3.666
2014,3.738
2015,3.81
2016,3.702
2017,3.594
2018,3.546
2019,3.558
2020,3.57
2021,3.526
2022,3.482
2023,3.416
2024,3.328
2025,3.24
2026,3.32
2027,3.4
2028,3.42
2029,3.38
2030,3.34
2031,3.348
2032,3.356
2033,3.4
2034,3.48
2035,3.56
2036,3.588
2037,3.616
2038,3.638
2039,3.654
2040,3.67
2041,3.65
2042,3.63
2043,3.68
2044,3.8
2045,3.92
2046,3.864
2047,3.808
2048,3.766
2049,3.738
2050,3.71
2051,3.674
2052,3.638
2053,3.616
2054,3.608
2055,3.6
2056,3.648
2057,3.696
2058,3.724
2059,3.732
2060,3.74
2061,3.796
2062,3.852
2063,3.94
2064,4.06
2065,4.18
2066,4.18
2067,4.18
2068,4.186
2069,4.198
2070,4.21
2071,4.238
2072,4.266
2073,4.256
2074,4.208
2075,4.16
2076,4.156
2077,4.152
2078,4.112
2079,4.036
2080,3.96
2081,3.972
2082,3.984
2083,3.962
2084,3.906
2085,3.85
2086,3.862
2087,3.874
2088,3.844
2089,3.772
2090,3.7
2091,3.672
2092,3.644
2093,3.602
2094,3.546
2095,3.49
2096,3.478
2097,3.466
2098,3.456
2099,3.448
2100,3.44
2101,3.484
2102,3.528
2103,3.572
2104,3.616
2105,3.66
2106,3.648
2107,3.636
2108,3.606
2109,3.558
2110,3.51
2111,3.506
2112,3.502
2113,3.5
2114,3.5
2115,3.5
2116,3.588
2117,3.676
2118,3.712
2119,3.696
2120,3.68
2121,3.68
2122,3.68
2123,3.644
2124,3.572
2125,3.5
2126,3.488
2127,3.476
2128,3.44
2129,3.38
2130,3.32
2131,3.308
2132,3.296
2133,3.29
2134,3.29
2135,3.29
2136,3.31
2137,3.33
2138,3.318
2139,3.274
2140,3.23
2141,3.314
2142,3.398
2143,3.472
2144,3.536
2145,3.6
2146,3.76
2147,3.92
2148,4.03
2149,4.09
2150,4.15
2151,4.178
2152,4.206
2153,4.222
2154,4.226
2155,4.23
2156,4.178
2157,4.126
2158,4.11
2159,4.13
2160,4.15
2161,4.066
2162,3.982
2163,3.928
2164,3.904
2165,3.88
2166,3.836
2167,3.792
2168,3.754
2169,3.722
2170,3.69
2171,3.682
2172,3.674
2173,3.648
2174,3.604
2175,3.56
2176,3.536
2177,3.512
2178,3.472
2179,3.416
2180,3.36
2181,3.38
2182,3.4
2183,3.412
2184,3.416
2185,3.42
2186,3.404
2187,3.388
2188,3.416
2189,3.488
2190,3.56
2191,3.608
2192,3.656
2193,3.698
2194,3.734
2195,3.77
2196,3.794
2197,3.818
2198,3.836
2199,3.848
2200,3.86
2201,3.848
2202,3.836
2203,3.812
2204,3.776
2205,3.74
2206,3.684
2207,3.628
2208,3.598
2209,3.594
2210,3.59
2211,3.538
2212,3.486
2213,3.486
2214,3.538
2215,3.59
2216,3.598
2217,3.606
2218,3.602
2219,3.586
2220,3.57
2221,3.538
2222,3.506
2223,3.47
2224,3.43
2225,3.39
2226,3.402
2227,3.414
2228,3.428
2229,3.444
2230,3.46
2231,3.472
2232,3.484
2233,3.504
2234,3.532
2235,3.56
2236,3.656
2237,3.752
2238,3.842
2239,3.926
2240,4.01
2241,3.954
2242,3.898
2243,3.856
2244,3.828
2245,3.8
2246,3.768
2247,3.736
2248,3.698
2249,3.654
2250,3.61
2251,3.546
2252,3.482
2253,3.438
2254,3.414
2255,3.39
2256,3.362
2257,3.334
2258,3.298
2259,3.254
2260,3.21
2261,3.246
2262,3.282
2263,3.33
2264,3.39
2265,3.45
2266,3.418
2267,3.386
2268,3.392
2269,3.436
2270,3.48
2271,3.488
2272,3.496
2273,3.574
2274,3.722
2275,3.87
2276,3.842
2277,3.814
2278,3.808
2279,3.824
2280,3.84
2281,3.868
2282,3.896
2283,3.888
2284,3.844
2285,3.8
2286,3.756
2287,3.712
2288,3.688
2289,3.684
2290,3.68
2291,3.592
2292,3.504
2293,3.458
2294,3.454
2295,3.45
2296,3.378
2297,3.306
2298,3.272
2299,3.276
2300,3.28
2301,3.312
2302,3.344
2303,3.358
2304,3.354
2305,3.35
2306,3.382
2307,3.414
2308,3.466
2309,3.538
2310,3.61
2311,3.646
2312,3.682
2313,3.708
2314,3.724
2315,3.74
2316,3.744
2317,3.748
2318,3.752
2319,3.756
2320,3.76
2321,3.696
2322,3.632
2323,3.584
2324,3.552
2325,3.52
2326,3.568
2327,3.616
2328,3.64
2329,3.64
2330,3.64
2331,3.592
2332,3.544
2333,3.494
2334,3.442
2335,3.39
2336,3.35
2337,3.31
2338,3.272
2339,3.236
2340,3.2
2341,3.252
2342,3.304
2343,3.338
2344,3.354
2345,3.37
2346,3.322
2347,3.274
2348,3.316
2349,3.448
2350,3.58
2351,3.636
2352,3.692
2353,3.736
2354,3.768
2355,3.8
2356,3.864
2357,3.928
2358,3.952
2359,3.936
2360,3.92
2361,3.856
2362,3.792
2363,3.782
2364,3.826
2365,3.87
2366,3.774
2367,3.678
2368,3.648
2369,3.684
2370,3.72
2371,3.684
2372,3.648
2373,3.582
2374,3.486
2375,3.39
2376,3.386
2377,3.382
2378,3.378
2379,3.374
2380,3.37
2381,3.318
2382,3.266
2383,3.258
2384,3.294
2385,3.33
2386,3.39
2387,3.45
2388,3.492
2389,3.516
2390,3.54
2391,3.564
2392,3.588
2393,3.562
2394,3.486
2395,3.41
2396,3.43
2397,3.45
2398,3.464
2399,3.472
2400,3.48
2401,3.556
2402,3.632
2403,3.674
2404,3.682
2405,3.69
2406,3.578
2407,3.466
2408,3.386
2409,3.338
2410,3.29
2411,3.322
2412,3.354
2413,3.37
2414,3.37
2415,3.37
2416,3.354
2417,3.338
2418,3.334
2419,3.342
2420,3.35
2421,3.422
2422,3.494
2423,3.522
2424,3.506
2425,3.49
2426,3.558
2427,3.626
2428,3.714
2429,3.822
2430,3.93
2431,4.026
2432,4.122
2433,4.154
2434,4.122
2435,4.09
2436,4.11
2437,4.13
2438,4.114
2439,4.062
2440,4.01
2441,4.006
2442,4.002
2443,3.99
2444,3.97
2445,3.95
2446,3.934
2447,3.918
2448,3.874
2449,3.802
2450,3.73
2451,3.714
2452,3.698
2453,3.642
2454,3.546
2455,3.45
2456,3.426
2457,3.402
2458,3.39
2459,3.39
2460,3.39
2461,3.318
2462,3.246
2463,3.218
2464,3.234
2465,3.25
2466,3.274
2467,3.298
2468,3.312
2469,3.316
2470,3.32
2471,3.364
2472,3.408
2473,3.458
2474,3.514
2475,3.57
2476,3.622
2477,3.674
2478,3.7
2479,3.7
2480,3.7
2481,3.804
2482,3.908
2483,3.966
2484,3.978
2485,3.99
2486,4.058
2487,4.126
2488,4.094
2489,3.962
2490,3.83
2491,3.758
2492,3.686
2493,3.644
2494,3.632
2495,3.62
2496,3.544
2497,3.468
2498,3.38
2499,3.28
2500,3.18
2501,3.248
2502,3.316
2503,3.376
2504,3.428
2505,3.48
2506,3.456
2507,3.432
2508,3.466
2509,3.558
2510,3.65
2511,3.694
2512,3.738
2513,3.786
2514,3.838
2515,3.89
2516,3.982
2517,4.074
2518,4.122
2519,4.126
2520,4.13
2521,4.102
2522,4.074
2523,4.074
2524,4.102
2525,4.13
2526,4.09
2527,4.05
2528,4.002
2529,3.946
2530,3.89
2531,3.906
2532,3.922
2533,3.89
2534,3.81
2535,3.73
2536,3.734
2537,3.738
2538,3.718
2539,3.674
2540,3.63
2541,3.518
2542,3.406
2543,3.334
2544,3.302
2545,3.27
2546,3.234
2547,3.198
2548,3.186
2549,3.198
2550,3.21
2551,3.238
2552,3.266
2553,3.31
2554,3.37
2555,3.43
2556,3.414
2557,3.398
2558,3.386
2559,3.378
2560,3.37
2561,3.374
2562,3.378
2563,3.43
2564,3.53
2565,3.63
2566,3.59
2567,3.55
2568,3.518
2569,3.494
2570,3.47
2571,3.47
2572,3.47
2573,3.458
2574,3.434
2575,3.41
2576,3.374
2577,3.338
2578,3.302
2579,3.266
2580,3.23
2581,3.242
2582,3.254
2583,3.24
2584,3.2
2585,3.16
2586,3.204
2587,3.248
2588,3.302
2589,3.366
2590,3.43
2591,3.438
2592,3.446
2593,3.454
2594,3.462
2595,3.47
2596,3.578
2597,3.686
2598,3.772
2599,3.836
2600,3.9
2601,3.884
2602,3.868
2603,3.85
2604,3.83
2605,3.81
2606,3.826
2607,3.842
2608,3.804
2609,3.712
2610,3.62
2611,3.628
2612,3.636
2613,3.6
2614,3.52
2615,3.44
2616,3.444
2617,3.448
2618,3.414
2619,3.342
2620,3.27
2621,3.258
2622,3.246
2623,3.254
2624,3.282
2625,3.31
2626,3.29
2627,3.27
2628,3.254
2629,3.242
2630,3.23
2631,3.314
2632,3.398
2633,3.442
2634,3.446
2635,3.45
2636,3.462
2637,3.474
2638,3.516
2639,3.588
2640,3.66
2641,3.684
2642,3.708
2643,3.744
2644,3.792
2645,3.84
2646,3.78
2647,3.72
2648,3.654
2649,3.582
2650,3.51
2651,3.47
2652,3.43
2653,3.398
2654,3.374
2655,3.35
2656,3.266
2657,3.182
2658,3.158
2659,3.194
2660,3.23
2661,3.158
2662,3.086
2663,3.09
2664,3.17
2665,3.25
2666,3.246
2667,3.242
2668,3.23
2669,3.21
2670,3.19
2671,3.194
2672,3.198
2673,3.204
2674,3.212
2675,3.22
2676,3.276
2677,3.332
2678,3.362
2679,3.366
2680,3.37
2681,3.438
2682,3.506
2683,3.568
2684,3.624
2685,3.68
2686,3.708
2687,3.736
2688,3.722
2689,3.666
2690,3.61
2691,3.578
2692,3.546
2693,3.546
2694,3.578
2695,3.61
2696,3.594
2697,3.578
2698,3.578
2699,3.594
2700,3.61
2701,3.558
2702,3.506
2703,3.542
2704,3.666
2705,3.79
2706,3.778
2707,3.766
2708,3.748
2709,3.724
2710,3.7
2711,3.724
2712,3.748
2713,3.782
2714,3.826
2715,3.87
2716,3.842
2717,3.814
2718,3.8
2719,3.8
2720,3.8
2721,3.788
2722,3.776
2723,3.748
2724,3.704
2725,3.66
2726,3.64
2727,3.62
2728,3.582
2729,3.526
2730,3.47
2731,3.438
2732,3.406
2733,3.366
2734,3.318
2735,3.27
2736,3.21
2737,3.15
2738,3.132
2739,3.156
2740,3.18
2741,3.124
2742,3.068
2743,3.062
2744,3.106
2745,3.15
2746,3.126
2747,3.102
2748,3.098
2749,3.114
2750,3.13
2751,3.162
2752,3.194
2753,3.206
2754,3.198
2755,3.19
2756,3.178
2757,3.166
2758,3.182
2759,3.226
2760,3.27
2761,3.258
2762,3.246
2763,3.24
2764,3.24
2765,3.24
2766,3.204
2767,3.168
2768,3.146
2769,3.138
2770,3.13
2771,3.19
2772,3.25
2773,3.286
2774,3.298
2775,3.31
2776,3.278
2777,3.246
2778,3.22
2779,3.2
2780,3.18
2781,3.172
2782,3.164
2783,3.166
2784,3.178
2785,3.19
2786,3.21
2787,3.23
2788,3.234
2789,3.222
2790,3.21
2791,3.23
2792,3.25
2793,3.29
2794,3.35
2795,3.41
2796,3.406
2797,3.402
2798,3.42
2799,3.46
2800,3.5
2801,3.596
2802,3.692
2803,3.748
2804,3.764
2805,3.78
2806,3.76
2807,3.74
2808,3.714
2809,3.682
2810,3.65
2811,3.654
2812,3.658
2813,3.654
2814,3.642
2815,3.63
2816,3.558
2817,3.486
2818,3.436
2819,3.408
2820,3.38
2821,3.332
2822,3.284
2823,3.238
2824,3.194
2825,3.15
2826,3.138
2827,3.126
2828,3.128
2829,3.144
2830,3.16
2831,3.14
2832,3.12
2833,3.122
2834,3.146
2835,3.17
2836,3.21
2837,3.25
2838,3.284
2839,3.312
2840,3.34
2841,3.372
2842,3.404
2843,3.412
2844,3.396
2845,3.38
2846,3.428
2847,3.476
2848,3.48
2849,3.44
2850,3.4
2851,3.408
2852,3.416
2853,3.424
2854,3.432
2855,3.44
2856,3.396
2857,3.352
2858,3.302
2859,3.246
2860,3.19
2861,3.214
2862,3.238
2863,3.274
2864,3.322
2865,3.37
2866,3.346
2867,3.322
2868,3.308
2869,3.304
2870,3.3
2871,3.272
2872,3.244
2873,3.23
2874,3.23
2875,3.23
2876,3.326
2877,3.422
2878,3.472
2879,3.476
2880,3.48
2881,3.468
2882,3.456
2883,3.46
2884,3.48
2885,3.5
2886,3.484
2887,3.468
2888,3.466
2889,3.478
2890,3.49
2891,3.43
2892,3.37
2893,3.33
2894,3.31
2895,3.29
2896,3.23
2897,3.17
2898,3.156
2899,3.188
2900,3.22
2901,3.216
2902,3.212
2903,3.232
2904,3.276
2905,3.32
2906,3.304
2907,3.288
2908,3.278
2909,3.274
2910,3.27
2911,3.282
2912,3.294
2913,3.338
2914,3.414
2915,3.49
2916,3.458
2917,3.426
2918,3.43
2919,3.47
2920,3.51
2921,3.506
2922,3.502
2923,3.5
2924,3.5
2925,3.5
2926,3.432
2927,3.364
2928,3.35
2929,3.39
2930,3.43
2931,3.462
2932,3.494
2933,3.47
2934,3.39
2935,3.31
2936,3.258
2937,3.206
2938,3.162
2939,3.126
2940,3.09
2941,3.034
2942,2.978
2943,2.95
2944,2.95
2945,2.95
2946,2.994
2947,3.038
2948,3.034
2949,2.982
2950,2.93
2951,2.926
2952,2.922
2953,2.968
2954,3.064
2955,3.16
2956,3.188
2957,3.216
2958,3.2
2959,3.14
2960,3.08
2961,3.12
2962,3.16
2963,3.176
2964,3.168
2965,3.16
2966,3.236
2967,3.312
2968,3.34
2969,3.32
2970,3.3
2971,3.312
2972,3.324
2973,3.36
2974,3.42
2975,3.48
2976,3.46
2977,3.44
2978,3.434
2979,3.442
2980,3.45
2981,3.374
2982,3.298
2983,3.222
2984,3.146
2985,3.07
2986,3.102
2987,3.134
2988,3.156
2989,3.168
2990,3.18
2991,3.192
2992,3.204
2993,3.208
2994,3.204
2995,3.2
2996,3.208
2997,3.216
2998,3.248
2999,3.304
3000,3.36
3001,3.376
3002,3.392
3003,3.408
3004,3.424
3005,3.44
3006,3.444
3007,3.448
3008,3.452
3009,3.456
3010,3.46
3011,3.472
3012,3.484
3013,3.496
3014,3.508
3015,3.52
3016,3.514
3017,3.508
3018,3.502
3019,3.496
3020,3.49
3021,3.456
3022,3.422
3023,3.388
3024,3.354
3025,3.32
3026,3.282
3027,3.244
3028,3.206
3029,3.168
3030,3.13
3031,3.122
3032,3.114
3033,3.106
3034,3.098
3035,3.09
3036,3.118
3037,3.146
3038,3.174
3039,3.202
3040,3.23
3041,3.246
3042,3.262
3043,3.278
3044,3.294
3045,3.31
3046,3.314
3047,3.318
3048,3.322
3049,3.326
3050,3.33
3051,3.292
3052,3.254
3053,3.216
3054,3.178
3055,3.14
3056,3.102
3057,3.064
3058,3.026
3059,2.988
3060,2.95
3061,2.97
3062,2.99
3063,3.01
3064,3.03
3065,3.05
3066,3.058
3067,3.066
3068,3.074
3069,3.082
3070,3.09
3071,3.092
3072,3.094
3073,3.096
3074,3.098
3075,3.1
3076,3.098
3077,3.096
3078,3.094
3079,3.092
3080,3.09
3081,3.06
3082,3.03
3083,3
3084,2.97
3085,2.94
3086,2.988
3087,3.036
3088,3.084
3089,3.132
3090,3.18
3091,3.18
3092,3.18
3093,3.18
3094,3.18
3095,3.18
3096,3.16
3097,3.14
3098,3.12
3099,3.1
3100,3.08
3101,3.076
3102,3.072
3103,3.068
3104,3.064
3105,3.06
3106,3.074
3107,3.088
3108,3.102
3109,3.116
3110,3.13
3111,3.148
3112,3.166
3113,3.184
3114,3.202
3115,3.22
3116,3.228
3117,3.236
3118,3.244
3119,3.252
3120,3.26
3121,3.276
3122,3.292
3123,3.308
3124,3.324
3125,3.34
3126,3.348
3127,3.356
3128,3.364
3129,3.372
3130,3.38
3131,3.394
3132,3.408
3133,3.422
3134,3.436
3135,3.45
3136,3.436
3137,3.422
3138,3.408
3139,3.394
3140,3.38
3141,3.374
3142,3.368
3143,3.362
3144,3.356
3145,3.35
3146,3.312
3147,3.274
3148,3.236
3149,3.198
3150,3.16
3151,3.118
3152,3.076
3153,3.034
3154,2.992
3155,2.95
3156,2.962
3157,2.974
3158,2.986
3159,2.998
3160,3.01
3161,3.016
3162,3.022
3163,3.028
3164,3.034
3165,3.04
3166,3.06
3167,3.08
3168,3.1
3169,3.12
3170,3.14
3171,3.15
3172,3.16
3173,3.17
3174,3.18
3175,3.19
3176,3.184
3177,3.178
3178,3.172
3179,3.166
3180,3.16
3181,3.144
3182,3.128
3183,3.112
3184,3.096
3185,3.08
3186,3.054
3187,3.028
3188,3.002
3189,2.976
3190,2.95
3191,2.978
3192,3.006
3193,3.034
3194,3.062
3195,3.09
3196,3.076
3197,3.062
3198,3.048
3199,3.034
3200,3.02
3201,3.016
3202,3.012
3203,3.008
3204,3.004
3205,3
3206,3.004
3207,3.008
3208,3.012
3209,3.016
3210,3.02
3211,3.056
3212,3.092
3213,3.128
3214,3.164
3215,3.2
3216,3.186
3217,3.172
3218,3.158
3219,3.144
3220,3.13
3221,3.146
3222,3.162
3223,3.178
3224,3.194
3225,3.21
3226,3.194
3227,3.178
3228,3.162
3229,3.146
3230,3.13
3231,3.152
3232,3.174
3233,3.196
3234,3.218
3235,3.24
3236,3.2
3237,3.16
3238,3.12
3239,3.08
3240,3.04
3241,3.04
3242,3.04
3243,3.04
3244,3.04
3245,3.04
3246,3.038
3247,3.036
3248,3.034
3249,3.032
3250,3.03
3251,3.058
3252,3.086
3253,3.114
3254,3.142
3255,3.17
3256,3.168
3257,3.166
3258,3.164
3259,3.162
3260,3.16
3261,3.192
3262,3.224
3263,3.256
3264,3.288
3265,3.32
3266,3.31
3267,3.3
3268,3.29
3269,3.28
3270,3.27
3271,3.282
3272,3.294
3273,3.306
3274,3.318
3275,3.33
3276,3.316
3277,3.302
3278,3.288
3279,3.274
3280,3.26
3281,3.288
3282,3.316
3283,3.344
3284,3.372
3285,3.4
3286,3.45
3287,3.5
3288,3.55
3289,3.6
3290,3.65
3291,3.668
3292,3.686
3293,3.704
3294,3.722
3295,3.74
3296,3.734
3297,3.728
3298,3.722
3299,3.716
3300,3.71
3301,3.652
3302,3.594
3303,3.536
3304,3.478
3305,3.42
3306,3.41
3307,3.4
3308,3.39
3309,3.38
3310,3.37
3311,3.34
3312,3.31
3313,3.28
3314,3.25
3315,3.22
3316,3.196
3317,3.172
3318,3.148
3319,3.124
3320,3.1
3321,3.12
3322,3.14
3323,3.16
3324,3.18
3325,3.2
3326,3.202
3327,3.204
3328,3.206
3329,3.208
3330,3.21
3331,3.218
3332,3.226
3333,3.234
3334,3.242
3335,3.25
3336,3.282
3337,3.314
3338,3.346
3339,3.378
3340,3.41
3341,3.39
3342,3.37
3343,3.35
3344,3.33
3345,3.31
3346,3.284
3347,3.258
3348,3.232
3349,3.206
3350,3.18
3351,3.188
3352,3.196
3353,3.204
3354,3.212
3355,3.22
3356,3.21
3357,3.2
3358,3.19
3359,3.18
3360,3.17
3361,3.158
3362,3.146
3363,3.134
3364,3.122
3365,3.11
3366,3.118
3367,3.126
3368,3.134
3369,3.142
3370,3.15
3371,3.19
3372,3.23
3373,3.27
3374,3.31
3375,3.35
3376,3.35
3377,3.35
3378,3.35
3379,3.35
3380,3.35
3381,3.33
3382,3.31
3383,3.29
3384,3.27
3385,3.25
3386,3.232
3387,3.214
3388,3.196
3389,3.178
3390,3.16
3391,3.144
3392,3.128
3393,3.112
3394,3.096
3395,3.08
3396,3.09
3397,3.1
3398,3.11
3399,3.12
3400,3.13
3401,3.132
3402,3.134
3403,3.136
3404,3.138
3405,3.14
3406,3.128
3407,3.116
3408,3.104
3409,3.092
3410,3.08
3411,3.062
3412,3.044
3413,3.026
3414,3.008
3415,2.99
3416,3.012
3417,3.034
3418,3.056
3419,3.078
3420,3.1
3421,3.12
3422,3.14
3423,3.16
3424,3.18
3425,3.2
3426,3.182
3427,3.164
3428,3.146
3429,3.128
3430,3.11
3431,3.068
3432,3.026
3433,2.984
3434,2.942
3435,2.9
3436,2.9
3437,2.9
3438,2.9
3439,2.9
3440,2.9
3441,2.928
3442,2.956
3443,2.984
3444,3.012
3445,3.04
3446,3.056
3447,3.072
3448,3.088
3449,3.104
3450,3.12
3451,3.102
3452,3.084
3453,3.066
3454,3.048
3455,3.03
3456,3.038
3457,3.046
3458,3.054
3459,3.062
3460,3.07
3461,3.102
3462,3.134
3463,3.166
3464,3.198
3465,3.23
3466,3.202
3467,3.174
3468,3.146
3469,3.118
3470,3.09
3471,3.056
3472,3.022
3473,2.988
3474,2.954
3475,2.92
3476,2.914
3477,2.908
3478,2.902
3479,2.896
3480,2.89
3481,2.912
3482,2.934
3483,2.956
3484,2.978
3485,3
3486,2.996
3487,2.992
3488,2.988
3489,2.984
3490,2.98
3491,2.996
3492,3.012
3493,3.028
3494,3.044
3495,3.06
3496,3.034
3497,3.008
3498,2.982
3499,2.956
3500,2.93
3501,2.934
3502,2.938
3503,2.942
3504,2.946
3505,2.95
3506,2.954
3507,2.958
3508,2.962
3509,2.966
3510,2.97
3511,2.984
3512,2.998
3513,3.012
3514,3.026
3515,3.04
3516,3.054
3517,3.068
3518,3.082
3519,3.096
3520,3.11
3521,3.124
3522,3.138
3523,3.152
3524,3.166
3525,3.18
3526,3.172
3527,3.164
3528,3.156
3529,3.148
3530,3.14
3531,3.114
3532,3.088
3533,3.062
3534,3.036
3535,3.01
3536,2.992
3537,2.974
3538,2.956
3539,2.938
3540,2.92
3541,2.938
3542,2.956
3543,2.974
3544,2.992
3545,3.01
3546,3.03
3547,3.05
3548,3.07
3549,3.09
3550,3.11
3551,3.112
3552,3.114
3553,3.116
3554,3.118
3555,3.12
3556,3.124
3557,3.128
3558,3.132
3559,3.136
3560,3.14
3561,3.122
3562,3.104
3563,3.086
3564,3.068
3565,3.05
3566,3.018
3567,2.986
3568,2.954
3569,2.922
3570,2.89
3571,2.9
3572,2.91
3573,2.92
3574,2.93
3575,2.94
3576,2.988
3577,3.036
3578,3.084
3579,3.132
3580,3.18
3581,3.176
3582,3.172
3583,3.168
3584,3.164
3585,3.16
3586,3.158
3587,3.156
3588,3.154
3589,3.152
3590,3.15
3591,3.118
3592,3.086
3593,3.054
3594,3.022
3595,2.99
3596,2.992
3597,2.994
3598,2.996
3599,2.998
3600,3
3601,3.018
3602,3.036
3603,3.054
3604,3.072
3605,3.09
3606,3.058
3607,3.026
3608,2.994
3609,2.962
3610,2.93
3611,2.952
3612,2.974
3613,2.996
3614,3.018
3615,3.04
3616,3.072
3617,3.104
3618,3.136
3619,3.168
3620,3.2
3621,3.226
3622,3.252
3623,3.278
3624,3.304
3625,3.33
3626,3.346
3627,3.362
3628,3.378
3629,3.394
3630,3.41
3631,3.386
3632,3.362
3633,3.338
3634,3.314
3635,3.29
3636,3.242
3637,3.194
3638,3.146
3639,3.098
3640,3.05
3641,3.036
3642,3.022
3643,3.008
3644,2.994
3645,2.98
3646,2.976
3647,2.972
3648,2.968
3649,2.964
3650,2.96
3651,2.996
3652,3.032
3653,3.068
3654,3.104
3655,3.14
3656,3.148
3657,3.156
3658,3.164
3659,3.172
3660,3.18
3661,3.224
3662,3.268
3663,3.312
3664,3.356
3665,3.4
3666,3.41
3667,3.42
3668,3.43
3669,3.44
3670,3.45
3671,3.402
3672,3.354
3673,3.306
3674,3.258
3675,3.21
3676,3.178
3677,3.146
3678,3.114
3679,3.082
3680,3.05
3681,3.036
3682,3.022
3683,3.008
3684,2.994
3685,2.98
3686,2.968
3687,2.956
3688,2.944
3689,2.932
3690,2.92
3691,2.94
3692,2.96
3693,2.98
3694,3
3695,3.02
3696,3.026
3697,3.032
3698,3.038
3699,3.044
3700,3.05
3701,3.06
3702,3.07
3703,3.08
3704,3.09
3705,3.1
3706,3.136
3707,3.172
3708,3.208
3709,3.244
3710,3.28
3711,3.282
3712,3.284
3713,3.286
3714,3.288
3715,3.29
3716,3.226
3717,3.162
3718,3.098
3719,3.034
3720,2.97
3721,2.942
3722,2.914
3723,2.886
3724,2.858
3725,2.83
3726,2.864
3727,2.898
3728,2.932
3729,2.966
3730,3
3731,2.986
3732,2.972
3733,2.958
3734,2.944
3735,2.93
3736,2.936
3737,2.942
3738,2.948
3739,2.954
3740,2.96
3741,3.008
3742,3.056
3743,3.104
3744,3.152
3745,3.2
3746,3.176
3747,3.152
3748,3.128
3749,3.104
3750,3.08
3751,3.06
3752,3.04
3753,3.02
3754,3
3755,2.98
3756,2.97
3757,2.96
3758,2.95
3759,2.94
3760,2.93
3761,2.922
3762,2.914
3763,2.906
3764,2.898
3765,2.89
3766,2.93
3767,2.97
3768,3.01
3769,3.05
3770,3.09
3771,3.088
3772,3.086
3773,3.084
3774,3.082
3775,3.08
3776,3.074
3777,3.068
3778,3.062
3779,3.056
3780,3.05
3781,3.034
3782,3.018
3783,3.002
3784,2.986
3785,2.97
3786,2.988
3787,3.006
3788,3.024
3789,3.042
3790,3.06
3791,3.09
3792,3.12
3793,3.15
3794,3.18
3795,3.21
3796,3.168
3797,3.126
3798,3.084
3799,3.042
3800,3
3801,3.02
3802,3.04
3803,3.06
3804,3.08
3805,3.1
3806,3.09
3807,3.08
3808,3.07
3809,3.06
3810,3.05
3811,3.04
3812,3.03
3813,3.02
3814,3.01
3815,3
3816,2.998
3817,2.996
3818,2.994
3819,2.992
3820,2.99
3821,3.036
3822,3.082
3823,3.128
3824,3.174
3825,3.22
3826,3.228
3827,3.236
3828,3.244
3829,3.252
3830,3.26
3831,3.218
3832,3.176
3833,3.134
3834,3.092
3835,3.05
3836,3.012
3837,2.974
3838,2.936
3839,2.898
3840,2.86
3841,2.864
3842,2.868
3843,2.872
3844,2.876
3845,2.88
3846,2.884
3847,2.888
3848,2.892
3849,2.896
3850,2.9
3851,2.898
3852,2.896
3853,2.894
3854,2.892
3855,2.89
3856,2.89
3857,2.89
3858,2.89
3859,2.89
3860,2.89
3861,2.946
3862,3.002
3863,3.058
3864,3.114
3865,3.17
3866,3.168
3867,3.166
3868,3.164
3869,3.162
3870,3.16
3871,3.178
3872,3.196
3873,3.214
3874,3.232
3875,3.25
3876,3.202
3877,3.154
3878,3.106
3879,3.058
3880,3.01
3881,2.998
3882,2.986
3883,2.974
3884,2.962
3885,2.95
3886,2.938
3887,2.926
3888,2.914
3889,2.902
3890,2.89
3891,2.924
3892,2.958
3893,2.992
3894,3.026
3895,3.06
3896,3.032
3897,3.004
3898,2.976
3899,2.948
3900,2.92
3901,2.92
3902,2.92
3903,2.92
3904,2.92
3905,2.92
3906,2.91
3907,2.9
3908,2.89
3909,2.88
3910,2.87
3911,2.91
3912,2.95
3913,2.99
3914,3.03
3915,3.07
3916,3.072
3917,3.074
3918,3.076
3919,3.078
3920,3.08
3921,3.046
3922,3.012
3923,2.978
3924,2.944
3925,2.91
3926,2.906
3927,2.902
3928,2.898
3929,2.894
3930,2.89
3931,2.878
3932,2.866
3933,2.854
3934,2.842
3935,2.83
3936,2.858
3937,2.886
3938,2.914
3939,2.942
3940,2.97
3941,2.984
3942,2.998
3943,3.012
3944,3.026
3945,3.04
3946,3.036
3947,3.032
3948,3.028
3949,3.024
3950,3.02
3951,2.996
3952,2.972
3953,2.948
3954,2.924
3955,2.9
3956,2.898
3957,2.896
3958,2.894
3959,2.892
3960,2.89
3961,2.9
3962,2.91
3963,2.92
3964,2.93
3965,2.94
3966,2.954
3967,2.968
3968,2.982
3969,2.996
3970,3.01
3971,3.01
3972,3.01
3973,3.01
3974,3.01
3975,3.01
3976,3.02
3977,3.03
3978,3.04
3979,3.05
3980,3.06
3981,3.06
3982,3.06
3983,3.06
3984,3.06
3985,3.06
3986,3.096
3987,3.132
3988,3.168
3989,3.204
3990,3.24
3991,3.252
3992,3.264
3993,3.276
3994,3.288
3995,3.3
3996,3.286
3997,3.272
3998,3.258
3999,3.244
4000,3.23
4001,3.216
4002,3.202
4003,3.188
4004,3.174
4005,3.16
4006,3.12
4007,3.08
4008,3.04
4009,3
4010,2.96
4011,2.958
4012,2.956
4013,2.954
4014,2.952
4015,2.95
4016,2.974
4017,2.998
4018,3.022
4019,3.046
4020,3.07
4021,3.06
4022,3.05
4023,3.04
4024,3.03
4025,3.02
4026,3.04
4027,3.06
4028,3.08
4029,3.1
4030,3.12
4031,3.13
4032,3.14
4033,3.15
4034,3.16
4035,3.17
4036,3.176
4037,3.182
4038,3.188
4039,3.194
4040,3.2
4041,3.192
4042,3.184
4043,3.176
4044,3.168
4045,3.16
4046,3.14
4047,3.12
4048,3.1
4049,3.08
4050,3.06
4051,3.06
4052,3.06
4053,3.06
4054,3.06
4055,3.06
4056,3.068
4057,3.076
4058,3.084
4059,3.092
4060,3.1
4061,3.082
4062,3.064
4063,3.046
4064,3.028
4065,3.01
4066,3.024
4067,3.038
4068,3.052
4069,3.066
4070,3.08
4071,3.068
4072,3.056
4073,3.044
4074,3.032
4075,3.02
4076,3.018
4077,3.016
4078,3.014
4079,3.012
4080,3.01
4081,3.014
4082,3.018
4083,3.022
4084,3.026
4085,3.03
4086,3.038
4087,3.046
4088,3.054
4089,3.062
4090,3.07
4091,3.07
4092,3.07
4093,3.07
4094,3.07
4095,3.07
4096,3.03
4097,2.99
4098,2.95
4099,2.91
4100,2.87
4101,2.872
4102,2.874
4103,2.876
4104,2.878
4105,2.88
4106,2.878
4107,2.876
4108,2.874
4109,2.872
4110,2.87
4111,2.878
4112,2.886
4113,2.894
4114,2.902
4115,2.91
4116,2.916
4117,2.922
4118,2.928
4119,2.934
4120,2.94
4121,2.952
4122,2.964
4123,2.976
4124,2.988
4125,3
4126,2.964
4127,2.928
4128,2.892
4129,2.856
4130,2.82
4131,2.852
4132,2.884
4133,2.916
4134,2.948
4135,2.98
4136,2.968
4137,2.956
4138,2.944
4139,2.932
4140,2.92
4141,2.932
4142,2.944
4143,2.956
4144,2.968
4145,2.98
4146,3.006
4147,3.032
4148,3.058
4149,3.084
4150,3.11
4151,3.12
4152,3.13
4153,3.14
4154,3.15
4155,3.16
4156,3.15
4157,3.14
4158,3.13
4159,3.12
4160,3.11
4161,3.088
4162,3.066
4163,3.044
4164,3.022
4165,3
4166,3.012
4167,3.024
4168,3.036
4169,3.048
4170,3.06
4171,3.046
4172,3.032
4173,3.018
4174,3.004
4175,2.99
4176,2.966
4177,2.942
4178,2.918
4179,2.894
4180,2.87
4181,2.868
4182,2.866
4183,2.864
4184,2.862
4185,2.86
4186,2.878
4187,2.896
4188,2.914
4189,2.932
4190,2.95
4191,2.968
4192,2.986
4193,3.004
4194,3.022
4195,3.04
4196,3.054
4197,3.068
4198,3.082
4199,3.096
4200,3.11
4201,3.096
4202,3.082
4203,3.068
4204,3.054
4205,3.04
4206,3.032
4207,3.024
4208,3.016
4209,3.008
4210,3
4211,2.97
4212,2.94
4213,2.91
4214,2.88
4215,2.85
4216,2.88
4217,2.91
4218,2.94
4219,2.97
4220,3
4221,2.996
4222,2.992
4223,2.988
4224,2.984
4225,2.98
4226,2.966
4227,2.952
4228,2.938
4229,2.924
4230,2.91
4231,2.934
4232,2.958
4233,2.982
4234,3.006
4235,3.03
4236,3.03
4237,3.03
4238,3.03
4239,3.03
4240,3.03
4241,3.036
4242,3.042
4243,3.048
4244,3.054
4245,3.06
4246,3.046
4247,3.032
4248,3.018
4249,3.004
4250,2.99
4251,3.012
4252,3.034
4253,3.056
4254,3.078
4255,3.1
4256,3.07
4257,3.04
4258,3.01
4259,2.98
4260,2.95
4261,2.952
4262,2.954
4263,2.956
4264,2.958
4265,2.96
4266,2.944
4267,2.928
4268,2.912
4269,2.896
4270,2.88
4271,2.916
4272,2.952
4273,2.988
4274,3.024
4275,3.06
4276,3.028
4277,2.996
4278,2.964
4279,2.932
4280,2.9
4281,2.91
4282,2.92
4283,2.93
4284,2.94
4285,2.95
4286,2.964
4287,2.978
4288,2.992
4289,3.006
4290,3.02
4291,3.022
4292,3.024
4293,3.026
4294,3.028
4295,3.03
4296,3.032
4297,3.034
4298,3.036
4299,3.038
4300,3.04
4301,3.008
4302,2.976
4303,2.944
4304,2.912
4305,2.88
4306,2.876
4307,2.872
4308,2.868
4309,2.864
4310,2.86
4311,2.858
4312,2.856
4313,2.854
4314,2.852
4315,2.85
4316,2.848
4317,2.846
4318,2.844
4319,2.842
4320,2.84
4321,2.838
4322,2.836
4323,2.834
4324,2.832
4325,2.83
4326,2.864
4327,2.898
4328,2.932
4329,2.966
4330,3
4331,2.97
4332,2.94
4333,2.91
4334,2.88
4335,2.85
4336,2.826
4337,2.802
4338,2.778
4339,2.754
4340,2.73
4341,2.758
4342,2.786
4343,2.814
4344,2.842
4345,2.87
4346,2.864
4347,2.858
4348,2.852
4349,2.846
4350,2.84
4351,2.85
4352,2.86
4353,2.87
4354,2.88
4355,2.89
4356,2.918
4357,2.946
4358,2.974
4359,3.002
4360,3.03
4361,3.038
4362,3.046
4363,3.054
4364,3.062
4365,3.07
4366,3.046
4367,3.022
4368,2.998
4369,2.974
4370,2.95
4371,2.938
4372,2.926
4373,2.914
4374,2.902
4375,2.89
4376,2.908
4377,2.926
4378,2.944
4379,2.962
4380,2.98
4381,2.936
4382,2.892
4383,2.848
4384,2.804
4385,2.76
4386,2.774
4387,2.788
4388,2.802
4389,2.816
4390,2.83
4391,2.852
4392,2.874
4393,2.896
4394,2.918
4395,2.94
4396,2.95
4397,2.96
4398,2.97
4399,2.98
4400,2.99
4401,3.008
4402,3.026
4403,3.044
4404,3.062
4405,3.08
4406,3.07
4407,3.06
4408,3.05
4409,3.04
4410,3.03
4411,3.05
4412,3.07
4413,3.09
4414,3.11
4415,3.13
4416,3.098
4417,3.066
4418,3.034
4419,3.002
4420,2.97
4421,2.964
4422,2.958
4423,2.952
4424,2.946
4425,2.94
4426,2.928
4427,2.916
4428,2.904
4429,2.892
4430,2.88
4431,2.888
4432,2.896
4433,2.904
4434,2.912
4435,2.92
4436,2.912
4437,2.904
4438,2.896
4439,2.888
4440,2.88
4441,2.884
4442,2.888
4443,2.892
4444,2.896
4445,2.9
4446,2.926
4447,2.952
4448,2.978
4449,3.004
4450,3.03
4451,3.014
4452,2.998
4453,2.982
4454,2.966
4455,2.95
4456,2.93
4457,2.91
4458,2.89
4459,2.87
4460,2.85
4461,2.85
4462,2.85
4463,2.85
4464,2.85
4465,2.85
4466,2.854
4467,2.858
4468,2.862
4469,2.866
4470,2.87
4471,2.868
4472,2.866
4473,2.864
4474,2.862
4475,2.86
4476,2.878
4477,2.896
4478,2.914
4479,2.932
4480,2.95
4481,2.944
4482,2.938
4483,2.932
4484,2.926
4485,2.92
4486,2.956
4487,2.992
4488,3.028
4489,3.064
4490,3.1
4491,3.1
4492,3.1
4493,3.1
4494,3.1
4495,3.1
4496,3.104
4497,3.108
4498,3.112
4499,3.116
4500,3.12
4501,3.11
4502,3.1
4503,3.09
4504,3.08
4505,3.07
4506,3.042
4507,3.014
4508,2.986
4509,2.958
4510,2.93
4511,2.942
4512,2.954
4513,2.966
4514,2.978
4515,2.99
4516,2.95
4517,2.91
4518,2.87
4519,2.83
4520,2.79
4521,2.834
4522,2.878
4523,2.922
4524,2.966
4525,3.01
4526,3.016
4527,3.022
4528,3.028
4529,3.034
4530,3.04
4531,3.05
4532,3.06
4533,3.07
4534,3.08
4535,3.09
4536,3.046
4537,3.002
4538,2.958
4539,2.914
4540,2.87
4541,2.858
4542,2.846
4543,2.834
4544,2.822
4545,2.81
4546,2.824
4547,2.838
4548,2.852
4549,2.866
4550,2.88
4551,2.884
4552,2.888
4553,2.892
4554,2.896
4555,2.9
4556,2.924
4557,2.948
4558,2.972
4559,2.996
4560,3.02
4561,3.002
4562,2.984
4563,2.966
4564,2.948
4565,2.93
4566,2.94
4567,2.95
4568,2.96
4569,2.97
4570,2.98
4571,3.016
4572,3.052
4573,3.088
4574,3.124
4575,3.16
4576,3.15
4577,3.14
4578,3.13
4579,3.12
4580,3.11
4581,3.108
4582,3.106
4583,3.104
4584,3.102
4585,3.1
4586,3.08
4587,3.06
4588,3.04
4589,3.02
4590,3
4591,3
4592,3
4593,3
4594,3
4595,3
4596,2.996
4597,2.992
4598,2.988
4599,2.984
4600,2.98
4601,3.002
4602,3.024
4603,3.046
4604,3.068
4605,3.09
4606,3.1
4607,3.11
4608,3.12
4609,3.13
4610,3.14
4611,3.122
4612,3.104
4613,3.086
4614,3.068
4615,3.05
4616,3.048
4617,3.046
4618,3.044
4619,3.042
4620,3.04
4621,3.034
4622,3.028
4623,3.022
4624,3.016
4625,3.01
4626,3.012
4627,3.014
4628,3.016
4629,3.018
4630,3.02
4631,3.006
4632,2.992
4633,2.978
4634,2.964
4635,2.95
4636,2.95
4637,2.95
4638,2.95
4639,2.95
4640,2.95
4641,2.946
4642,2.942
4643,2.938
4644,2.934
4645,2.93
4646,2.962
4647,2.994
4648,3.026
4649,3.058
4650,3.09
4651,3.098
4652,3.106
4653,3.114
4654,3.122
4655,3.13
4656,3.08
4657,3.03
4658,2.98
4659,2.93
4660,2.88
4661,2.898
4662,2.916
4663,2.934
4664,2.952
4665,2.97
4666,2.948
4667,2.926
4668,2.904
4669,2.882
4670,2.86
4671,2.872
4672,2.884
4673,2.896
4674,2.908
4675,2.92
4676,2.908
4677,2.896
4678,2.884
4679,2.872
4680,2.86
4681,2.9
4682,2.94
4683,2.98
4684,3.02
4685,3.06
4686,3.082
4687,3.104
4688,3.126
4689,3.148
4690,3.17
4691,3.152
4692,3.134
4693,3.116
4694,3.098
4695,3.08
4696,3.09
4697,3.1
4698,3.11
4699,3.12
4700,3.13
4701,3.098
4702,3.066
4703,3.034
4704,3.002
4705,2.97
4706,2.96
4707,2.95
4708,2.94
4709,2.93
4710,2.92
4711,2.942
4712,2.964
4713,2.986
4714,3.008
4715,3.03
4716,3.014
4717,2.998
4718,2.982
4719,2.966
4720,2.95
4721,2.986
4722,3.022
4723,3.058
4724,3.094
4725,3.13
4726,3.132
4727,3.134
4728,3.136
4729,3.138
4730,3.14
4731,3.13
4732,3.12
4733,3.11
4734,3.1
4735,3.09
4736,3.054
4737,3.018
4738,2.982
4739,2.946
4740,2.91
4741,2.92
4742,2.93
4743,2.94
4744,2.95
4745,2.96
4746,2.976
4747,2.992
4748,3.008
4749,3.024
4750,3.04
4751,3.004
4752,2.968
4753,2.932
4754,2.896
4755,2.86
4756,2.872
4757,2.884
4758,2.896
4759,2.908
4760,2.92
4761,2.936
4762,2.952
4763,2.968
4764,2.984
4765,3
4766,3.04
4767,3.08
4768,3.12
4769,3.16
4770,3.2
4771,3.194
4772,3.188
4773,3.182
4774,3.176
4775,3.17
4776,3.136
4777,3.102
4778,3.068
4779,3.034
4780,3
4781,2.998
4782,2.996
4783,2.994
4784,2.992
4785,2.99
4786,2.978
4787,2.966
4788,2.954
4789,2.942
4790,2.93
4791,2.936
4792,2.942
4793,2.948
4794,2.954
4795,2.96
4796,2.966
4797,2.972
4798,2.978
4799,2.984
4800,2.99
4801,2.99
4802,2.99
4803,2.99
4804,2.99
4805,2.99
4806,3.022
4807,3.054
4808,3.086
4809,3.118
4810,3.15
4811,3.15
4812,3.15
4813,3.15
4814,3.15
4815,3.15
4816,3.126
4817,3.102
4818,3.078
4819,3.054
4820,3.03
4821,2.99
4822,2.95
4823,2.91
4824,2.87
4825,2.83
4826,2.834
4827,2.838
4828,2.842
4829,2.846
4830,2.85
4831,2.872
4832,2.894
4833,2.916
4834,2.938
4835,2.96
4836,2.976
4837,2.992
4838,3.008
4839,3.024
4840,3.04
4841,3.08
4842,3.12
4843,3.16
4844,3.2
4845,3.24
4846,3.252
4847,3.264
4848,3.276
4849,3.288
4850,3.3
4851,3.256
4852,3.212
4853,3.168
4854,3.124
4855,3.08
4856,3.076
4857,3.072
4858,3.068
4859,3.064
4860,3.06
4861,3.044
4862,3.028
4863,3.012
4864,2.996
4865,2.98
4866,2.96
4867,2.94
4868,2.92
4869,2.9
4870,2.88
4871,2.876
4872,2.872
4873,2.868
4874,2.864
4875,2.86
4876,2.87
4877,2.88
4878,2.89
4879,2.9
4880,2.91
4881,2.964
4882,3.018
4883,3.072
4884,3.126
4885,3.18
4886,3.198
4887,3.216
4888,3.234
4889,3.252
4890,3.27
4891,3.276
4892,3.282
4893,3.288
4894,3.294
4895,3.3
4896,3.27
4897,3.24
4898,3.21
4899,3.18
4900,3.15
4901,3.126
4902,3.102
4903,3.078
4904,3.054
4905,3.03
4906,2.994
4907,2.958
4908,2.922
4909,2.886
4910,2.85
4911,2.85
4912,2.85
4913,2.85
4914,2.85
4915,2.85
4916,2.872
4917,2.894
4918,2.916
4919,2.938
4920,2.96
4921,2.922
4922,2.884
4923,2.846
4924,2.808
4925,2.77
4926,2.798
4927,2.826
4928,2.854
4929,2.882
4930,2.91
4931,2.934
4932,2.958
4933,2.982
4934,3.006
4935,3.03
4936,3.038
4937,3.046
4938,3.054
4939,3.062
4940,3.07
4941,3.062
4942,3.054
4943,3.046
4944,3.038
4945,3.03
4946,3.034
4947,3.038
4948,3.042
4949,3.046
4950,3.05
4951,3.008
4952,2.966
4953,2.924
4954,2.882
4955,2.84
4956,2.844
4957,2.848
4958,2.852
4959,2.856
4960,2.86
4961,2.87
4962,2.88
4963,2.89
4964,2.9
4965,2.91
4966,2.914
4967,2.918
4968,2.922
4969,2.926
4970,2.93
4971,2.932
4972,2.934
4973,2.936
4974,2.938
4975,2.94
4976,2.986
4977,3.032
4978,3.078
4979,3.124
4980,3.17
4981,3.126
4982,3.082
4983,3.038
4984,2.994
4985,2.95
4986,2.908
4987,2.866
4988,2.824
4989,2.782
4990,2.74
4991,2.762
4992,2.784
4993,2.806
4994,2.828
4995,2.85
4996,2.838
4997,2.826
4998,2.814
4999,2.802
5000,2.79
5001,2.822
5002,2.854
5003,2.886
5004,2.918
5005,2.95
5006,2.948
5007,2.946
5008,2.944
5009,2.942
5010,2.94
5011,2.926
5012,2.912
5013,2.898
5014,2.884
5015,2.87
5016,2.844
5017,2.818
5018,2.792
5019,2.766
5020,2.74
5021,2.74
5022,2.74
5023,2.74
5024,2.74
5025,2.74
5026,2.746
5027,2.752
5028,2.758
5029,2.764
5030,2.77
5031,2.774
5032,2.778
5033,2.782
5034,2.786
5035,2.79
5036,2.844
5037,2.898
5038,2.952
5039,3.006
5040,3.06
5041,3.082
5042,3.104
5043,3.126
5044,3.148
5045,3.17
5046,3.144
5047,3.118
5048,3.092
5049,3.066
5050,3.04
5051,3.044
5052,3.048
5053,3.052
5054,3.056
5055,3.06
5056,3.018
5057,2.976
5058,2.934
5059,2.892
5060,2.85
5061,2.86
5062,2.87
5063,2.88
5064,2.89
5065,2.9
5066,2.906
5067,2.912
5068,2.918
5069,2.924
5070,2.93
5071,2.882
5072,2.834
5073,2.786
5074,2.738
5075,2.69
5076,2.708
5077,2.726
5078,2.744
5079,2.762
5080,2.78
5081,2.786
5082,2.792
5083,2.798
5084,2.804
5085,2.81
5086,2.78
5087,2.75
5088,2.72
5089,2.69
5090,2.66
5091,2.704
5092,2.748
5093,2.792
5094,2.836
5095,2.88
5096,2.904
5097,2.928
5098,2.952
5099,2.976
5100,3
5101,3.008
5102,3.016
5103,3.024
5104,3.032
5105,3.04
5106,3.016
5107,2.992
5108,2.968
5109,2.944
5110,2.92
5111,2.908
5112,2.896
5113,2.884
5114,2.872
5115,2.86
5116,2.848
5117,2.836
5118,2.824
5119,2.812
5120,2.8
5121,2.784
5122,2.768
5123,2.752
5124,2.736
5125,2.72
5126,2.712
5127,2.704
5128,2.696
5129,2.688
5130,2.68
5131,2.674
5132,2.668
5133,2.662
5134,2.656
5135,2.65
5136,2.708
5137,2.766
5138,2.824
5139,2.882
5140,2.94
5141,2.932
5142,2.924
5143,2.916
5144,2.908
5145,2.9
5146,2.898
5147,2.896
5148,2.894
5149,2.892
5150,2.89
5151,2.894
5152,2.898
5153,2.902
5154,2.906
5155,2.91
5156,2.892
5157,2.874
5158,2.856
5159,2.838
5160,2.82
5161,2.846
5162,2.872
5163,2.898
5164,2.924
5165,2.95
5166,2.964
5167,2.978
5168,2.992
5169,3.006
5170,3.02
5171,3.058
5172,3.096
5173,3.134
5174,3.172
5175,3.21
5176,3.19
5177,3.17
5178,3.15
5179,3.13
5180,3.11
5181,3.092
5182,3.074
5183,3.056
5184,3.038
5185,3.02
5186,3.016
5187,3.012
5188,3.008
5189,3.004
5190,3
5191,2.964
5192,2.928
5193,2.892
5194,2.856
5195,2.82
5196,2.828
5197,2.836
5198,2.844
5199,2.852
5200,2.86
5201,2.888
5202,2.916
5203,2.944
5204,2.972
5205,3
5206,2.992
5207,2.984
5208,2.976
5209,2.968
5210,2.96
5211,2.942
5212,2.924
5213,2.906
5214,2.888
5215,2.87
5216,2.864
5217,2.858
5218,2.852
5219,2.846
5220,2.84
5221,2.858
5222,2.876
5223,2.894
5224,2.912
5225,2.93
5226,2.94
5227,2.95
5228,2.96
5229,2.97
5230,2.98
5231,2.938
5232,2.896
5233,2.854
5234,2.812
5235,2.77
5236,2.8
5237,2.83
5238,2.86
5239,2.89
5240,2.92
5241,2.93
5242,2.94
5243,2.95
5244,2.96
5245,2.97
5246,2.988
5247,3.006
5248,3.024
5249,3.042
5250,3.06
5251,3.066
5252,3.072
5253,3.078
5254,3.084
5255,3.09
5256,3.074
5257,3.058
5258,3.042
5259,3.026
5260,3.01
5261,3.004
5262,2.998
5263,2.992
5264,2.986
5265,2.98
5266,2.944
5267,2.908
5268,2.872
5269,2.836
5270,2.8
5271,2.818
5272,2.836
5273,2.854
5274,2.872
5275,2.89
5276,2.89
5277,2.89
5278,2.89
5279,2.89
5280,2.89
5281,2.872
5282,2.854
5283,2.836
5284,2.818
5285,2.8
5286,2.824
5287,2.848
5288,2.872
5289,2.896
5290,2.92
5291,2.93
5292,2.94
5293,2.95
5294,2.96
5295,2.97
5296,2.958
5297,2.946
5298,2.934
5299,2.922
5300,2.91
5301,2.886
5302,2.862
5303,2.838
5304,2.814
5305,2.79
5306,2.79
5307,2.79
5308,2.79
5309,2.79
5310,2.79
5311,2.8
5312,2.81
5313,2.82
5314,2.83
5315,2.84
5316,2.854
5317,2.868
5318,2.882
5319,2.896
5320,2.91
